key,ko
nature valley,네이처밸리
tropical fields,트로피컬필즈
cheez it,치즈잇
cheez-it,치즈잇
rao's,라오스홈메이드
smucker,스머커스
minute maid,미닛메이드
wheat thins,위트씬스
heinz,하인즈
hellmann,헬만스
ocean spray,오션스프레이
bonne maman,본느마망
yo mama,요마마스
ava organics,에이바오가닉스
pepperidge farm,페퍼리지팜
dot's,닷츠
doritos,도리토스
maille,마이유
oreo,오레오
lee kum,이금기
jif,지프
welch,웰치스
nescafe,네스카페
nescaf,네스카페
simply lemonade,심플리레모네이드
simply orange,심플리오렌지
simply potatoes,심플리포테이토
nerds,너즈
del monte,델몬트
belgioioso,벨지오이오소
nutella,누텔라
tostitos,토스티토스
life savers,라이프세이버스
folgers,폴저스
kraft,크래프트
goldfish,골드피시
prego,프레고
hershey,허쉬
crofter,크로프터스
honey maid,허니메이드
lance,랜스
taffy town,태피타운
freshness guaranteed,프레시니스개런티드
french's,프렌치스
sour patch,사워패치
country time,컨트리타임
pure protein,퓨어프로틴
snyder,스나이더스
cheerios,치리오스
mott's,모츠
blue elephant,블루엘리펀트
catalina crunch,카탈리나크런치
frank's redhot,프랭크스레드핫
frank s redhot,프랭크스레드핫
chosen foods,초즌푸드
kodiak,코디악
sweet baby,스위트베이비레이스
vlasic,블라식
bustelo,카페부스텔로
macaron bites,마카롱바이츠
tai pei,타이페이
ragu,라구
ore ida,오레아이다
ore-ida,오레아이다
triscuit,트리스킷
pagoda,파고다
crystal light,크리스탈라이트
nutter butter,너터버터
quest,퀘스트
skippy,스키피
capri sun,카프리썬
club cracker,클럽크래커
shearer,시어러스
lea & perrins,리앤페린스
just bare,저스트베어
totino,토티노스
toblerone,토블론
kikkoman,기꼬만
simple mills,심플밀스
hunt's,헌츠
hunts,헌츠
kinder's,킨더스
maxwell house,맥스웰하우스
dole,돌
built bar,빌트바
miracle whip,미라클휩
jell-o,젤로
jell o,젤로
harvest snaps,하비스트스냅스
primal kitchen,프라이멀키친
community coffee,커뮤니티커피
good good,굿굿
apple & eve,애플앤이브
lipton,립톤
gatorade,게토레이
ritz,리츠
planters,플랜터스
